{
  "$schema": "https://github.com/grafana/grafana/raw/main/docs/sources/developers/plugins/plugin.schema.json",
  "type": "panel",
  "name": "Treemap",
  "id": "marcusolsson-treemap-panel",
  "info": {
    "description": "Area-based visualization of hierarchical data",
    "author": {
      "name": "Marcus Olsson",
      "url": "https://marcus.se.net"
    },
    "keywords": ["treemap"],
    "logos": {
      "small": "img/logo.svg",
      "large": "img/logo.svg"
    },
    "links": [
      {
        "name": "Website",
        "url": "https://github.com/marcusolsson/grafana-treemap-panel"
      },
      {
        "name": "License",
        "url": "https://github.com/marcusolsson/grafana-treemap-panel/blob/main/LICENSE"
      }
    ],
    "screenshots": [
      {
        "name": "Treemap",
        "path": "img/screenshot.png"
      }
    ],
    "version": "%VERSION%",
    "updated": "%TODAY%"
  },
  "dependencies": {
    "grafanaDependency": ">=7.3.0",
    "grafanaVersion": "7.3.0",
    "plugins": []
  }
}
